
{
    "name": "ffs",
    "title": "Freeform Sheet",
    "description": "Allows creation of macros for configurable sheets from image files that you can place text of any size anywhere.",
    "author": "Xaukael",
    "version": "0.0.7",
    "minimumCoreVersion": "10",
    "compatibleCoreVersion": "10",
    "scripts": ["ffs.js", "jquery-ui.min.js"],
    "dependencies": [],
    "url": "https://github.com/xaukael/ffs/",
    "manifest": "https://github.com/xaukael/ffs/raw/main/module.json",
    "download": "https://github.com/xaukael/ffs/raw/main/ffs.zip"
}