
{
    "id": "ffs",
    "title": "Freeform Sheet",
    "description": "Create character sheet for any system from just an image. Put text and content links anywhere at any size",
    "author": "Xaukael",
    "version": "1.4.0",
    "minimumCoreVersion": "10",
    "compatibleCoreVersion": "10",
    "scripts": ["ffs.js", "jquery-ui.min.js"],
		"styles": ["jquery-ui.css"],
    "dependencies": [],
    "url": "https://github.com/xaukael/ffs/",
    "manifest": "https://github.com/xaukael/ffs/raw/main/module.json",
    "download": "https://github.com/xaukael/ffs/raw/main/ffs.zip"
}