
{
    "id": "ffs",
    "name": "ffs",
    "title": "Freeform Sheets",
    "description": "Create character sheet for any system from just an image. Place text, stats, and content links anywhere at any size",
    "author": "Xaukael",
    "authors": [{"name":"Xaukael"}],
    "version": "1.14.8",
    "minimumCoreVersion": "9",
    "compatibleCoreVersion": "11",
    "compatibility": {
        "minimum": "9",
        "verified": "11"
      },
    "scripts": ["ffs.js", "jquery-ui.min.js"],
		"styles": ["jquery-ui.css"],
    "url": "https://github.com/xaukael/ffs/",
    "manifest": "https://github.com/xaukael/ffs/raw/main/module.json",
    "download": "https://github.com/xaukael/ffs/raw/main/ffs.zip"
}
